Employee,MAC,IP
Marcus Warren,b7:b5:f8:c1:50:05,10.10.0.1
Lori Stone,29:86:3f:42:a5:99,10.10.0.2
Zachary Manning,cc:6f:5f:aa:5b:f3,10.10.0.3
Sharon Collins,a6:50:61:1b:78:14,10.10.0.4
Lori Gallagher,09:6b:f6:b1:33:a2,10.10.0.5
Andrew Murphy,ad:74:f0:5b:8a:cf,10.10.0.6
Alexis Hunter,a4:f8:5c:e2:5a:04,10.10.0.7
Cassandra Lee,c1:2c:34:f9:04:54,10.10.0.8
Andrew Campbell,08:50:53:0b:cf:f5,10.10.0.9
Jason Daniels,ff:4c:48:e5:3a:33,10.10.0.10
Robert Norris,e1:51:53:85:96:b0,10.10.0.11
Randall Herrera,70:d7:98:8f:6b:33,10.10.0.12
Frank Fernandez,ca:75:34:3e:6b:53,10.10.0.13
Felicia Young,fb:40:f1:f0:a3:12,10.10.0.14
Jeffrey Banks,b3:d4:f6:98:bc:1e,10.10.0.15
Erin Sullivan,a7:33:22:88:74:eb,10.10.0.16
Angela Bennett,a3:b6:c0:47:39:6a,10.10.0.17
Jeffery Sutton,ed:66:89:18:40:e1,10.10.0.18
Rebecca Cox,be:fd:37:cf:1b:f8,10.10.0.19
John Martinez,35:39:ea:7b:3a:5a,10.10.0.20
John Hansen,e7:d6:6d:da:0e:e2,10.10.0.21
Robert Olson,bf:ee:c2:73:fb:25,10.10.0.22
Todd Moran,64:19:7c:61:05:f1,10.10.0.23
Morgan Wood,da:b8:2d:f9:66:74,10.10.0.24
Robert Howard,a0:c1:33:81:63:5c,10.10.0.25
Megan Gallagher,4a:35:e9:a1:30:5b,10.10.0.26
Cristian Carroll,c6:e7:e9:27:2b:50,10.10.0.27
Joseph Jefferson,43:10:bb:01:ae:95,10.10.0.28
Pamela Rios,a9:62:80:be:92:0c,10.10.0.29
Jeremiah Chapman,fe:4e:79:c6:82:26,10.10.0.30
Patrick Gregory,76:32:c0:3b:a5:e4,10.10.0.31
Dawn Rodriguez,ee:b6:ad:18:36:b6,10.10.0.32
Michelle Williams,b3:35:65:61:26:04,10.10.0.33
Miranda Kim,3b:4d:4b:c6:13:32,10.10.0.34
David Miller,cc:0d:8f:36:73:9e,10.10.0.35
Beverly Perez,d3:dc:21:67:0c:60,10.10.0.36
Keith Chavez,21:0b:38:08:88:0b,10.10.0.37
Ryan Baker,90:2f:4c:8d:da:bf,10.10.0.38
Mary Stewart,5e:eb:83:76:36:05,10.10.0.39
Miss Emily Dalton,30:87:e7:91:40:0f,10.10.0.40
Andrew Howard,c4:00:47:03:11:73,10.10.0.41
David Peterson,40:f3:ca:10:85:cb,10.10.0.42
Shawn Doyle,03:0f:29:94:10:ca,10.10.0.43
Thomas Moyer,03:e6:a0:f0:79:ab,10.10.0.44
Ernest Burke,3d:fd:53:d5:f9:a9,10.10.0.45
Alan Brown,b6:66:9a:f4:b6:7d,10.10.0.46
Michael Garcia,ea:d9:86:a3:c4:e7,10.10.0.47
Donald Howell,87:39:fe:0b:43:93,10.10.0.48
Michael Lewis,86:df:18:10:18:4c,10.10.0.49
Joshua Henry,3f:15:f3:87:f1:d6,10.10.0.50
Gloria Perez,f3:ef:cb:bc:15:8a,10.10.0.51
Taylor Diaz,ef:75:9e:4c:13:97,10.10.0.52
Vanessa Rivera,af:6d:24:8b:01:2f,10.10.0.53
David Good,58:e7:a7:9a:db:cd,10.10.0.54
Gloria Cantrell,5c:0d:d7:b3:76:15,10.10.0.55
Dustin Sanchez,a2:91:93:c2:7f:c5,10.10.0.56
Christopher Sanchez PhD,f6:08:fd:27:fb:cc,10.10.0.57
Tammie Benson,93:5c:13:25:b9:0c,10.10.0.58
Steven Nelson,10:e9:ac:94:da:a0,10.10.0.59
John Edwards,57:6e:02:0d:cd:fc,10.10.0.60
Douglas Munoz,36:e0:51:a9:64:ee,10.10.0.61
Jack Larson,d1:20:87:9d:e0:fb,10.10.0.62
Stephanie Cochran,ff:1d:f7:fc:02:fa,10.10.0.63
Bryan Arnold Jr.,3b:a1:86:55:d0:08,10.10.0.64
Lisa Henderson,fa:ce:e2:06:b4:96,10.10.0.65
Laurie Williams,d6:97:d5:79:1c:61,10.10.0.66
Steven Barker,ec:f7:9c:4e:3e:4e,10.10.0.67
Cheryl Tucker,e2:a5:00:64:ba:0d,10.10.0.68
Michael Hutchinson,00:4e:96:5b:f4:e9,10.10.0.69
John Miller,98:b4:1d:f5:7a:5f,10.10.0.70
Michelle Baker,dd:c1:7f:1e:84:ec,10.10.0.71
Kristin Thompson,43:14:3e:fb:23:43,10.10.0.72
Jennifer Ferguson,9c:0c:8c:6b:4d:ce,10.10.0.73
Steven Webb,cd:24:ae:1a:63:35,10.10.0.74
Kayla Morrison,67:ef:7f:4d:be:91,10.10.0.75
Sharon Morris,ca:d6:9f:80:d3:bc,10.10.0.76
Amy Evans,15:d5:ab:7b:40:35,10.10.0.77
Sharon Jones,0b:11:ff:30:4d:f7,10.10.0.78
Tina Lopez,ad:fc:7d:85:8e:a6,10.10.0.79
Dawn Hawkins,cb:6c:98:18:45:79,10.10.0.80
Leslie Snow,f0:cb:b9:fe:0f:e0,10.10.0.81
Anna Campbell,46:e1:b6:fd:d5:7c,10.10.0.82
Travis Brown,72:90:8f:4e:b8:18,10.10.0.83
Sharon Thompson,55:28:5b:37:77:e4,10.10.0.84
Susan Weeks,0f:1e:78:bf:a9:0a,10.10.0.85
Scott Wilson,8c:82:8b:07:59:4e,10.10.0.86
Ryan Graham,cb:03:9f:76:b4:28,10.10.0.87
Megan Cohen,dd:cb:72:1d:67:57,10.10.0.88
Katie Anderson,7b:27:12:46:9a:96,10.10.0.89
Sarah Jones,12:0e:32:2d:80:35,10.10.0.90
Melinda Johnston,47:27:81:b9:bb:86,10.10.0.91
Jesse Scott,dd:10:6c:ce:8b:c3,10.10.0.92
Larry Aguilar,e8:fa:9d:0d:87:22,10.10.0.93
James Oconnor,68:2a:71:3e:0a:e9,10.10.0.94
Marcus Dillon,b4:7a:b7:9b:26:31,10.10.0.95
Chad Garcia,aa:86:0a:c2:52:e3,10.10.0.96
Scott Keller,9c:75:81:6b:6d:c1,10.10.0.97
Alison Nunez,97:98:07:08:52:56,10.10.0.98
Bradley Mayo,91:63:d4:ca:69:1a,10.10.0.99
Katrina Cherry,d1:bc:a6:0d:2f:26,10.10.0.100
Melissa Brown,15:e4:b3:3d:eb:1d,10.10.0.101
Andres White,2e:b7:8a:7c:dd:12,10.10.0.102
Kyle Pace,85:53:11:6e:fa:37,10.10.0.103
Crystal Beck,87:75:f9:c9:70:a4,10.10.0.104
Karen Jones,bc:c8:0b:1a:09:40,10.10.0.105
Larry Ramirez,58:95:45:4b:59:50,10.10.0.106
Sherry Norton,9a:a4:14:39:4a:f7,10.10.0.107
Monica Mckinney,40:00:52:27:80:8c,10.10.0.108
Kent Owens,2e:d0:af:3b:57:dc,10.10.0.109
Kyle Gross,a0:ad:1b:c0:fa:9a,10.10.0.110
Christopher Mccarthy,98:11:a4:1f:f2:18,10.10.0.111
Brian Brewer,26:01:da:39:a6:d4,10.10.0.112
Barbara Black,56:cf:03:eb:fe:aa,10.10.0.113
Curtis Graham,6a:56:13:4a:64:02,10.10.0.114
James Ray,06:03:37:37:03:26,10.10.0.115
Gary King,41:ab:61:05:0b:84,10.10.0.116
Cristina Hess,bc:cd:bf:57:c9:64,10.10.0.117
Tara Bennett,a4:c2:cc:a2:49:c0,10.10.0.118
Ashley Cooper,37:e0:40:40:09:b4,10.10.0.119
Donald Kirk,8e:43:fe:59:9b:41,10.10.0.120
Matthew Flores,6e:94:c7:64:b8:b4,10.10.0.121
Julian Lee,16:72:6d:a8:12:4c,10.10.0.122
Breanna Romero,61:02:20:bd:92:ff,10.10.0.123
Tyler Hunter,ef:52:5c:4d:68:c2,10.10.0.124
Anthony Gardner,e1:9b:c0:2a:f2:73,10.10.0.125
Glenn Manning,3b:9c:7e:4c:f5:77,10.10.0.126
Lee Scott,90:1a:93:00:22:6a,10.10.0.127
Seth Brown,63:9e:15:ad:3e:18,10.10.0.128
Debbie Hughes,a5:53:21:a7:72:a5,10.10.0.129
Kathleen Trujillo,78:d1:54:ea:c0:d2,10.10.0.130
Wayne Ruiz,bf:72:0d:15:1f:b9,10.10.0.131
Derek Sawyer,2b:82:ef:f4:c2:d5,10.10.0.132
Keith Brown,4f:ec:7d:73:ba:9e,10.10.0.133
Daniel Cook,99:1b:a0:c4:8c:10,10.10.0.134
Christopher Smith,6d:49:30:b6:36:99,10.10.0.135
William Leon,7f:7c:38:72:2d:2b,10.10.0.136
John Mcguire,00:dd:3f:14:50:9b,10.10.0.137
Kevin Coffey,43:72:4e:09:42:6d,10.10.0.138
Antonio Rios,59:0e:80:57:c6:e4,10.10.0.139
Ann Martin,de:90:8c:e8:57:0d,10.10.0.140
Sheryl Cooley,e0:fd:ef:e2:99:d1,10.10.0.141
Marissa Mcpherson,24:9c:9a:63:0e:89,10.10.0.142
Brenda Dorsey,82:83:0f:85:19:27,10.10.0.143
Sharon Kerr,a8:fc:56:f3:44:16,10.10.0.144
Cody Diaz,10:ca:72:ba:e4:96,10.10.0.145
Bryan Snyder,ee:53:2e:fb:46:13,10.10.0.146
Charles Wong,13:29:d9:d3:3b:a7,10.10.0.147
Michael Kelley,2e:01:72:f5:17:5a,10.10.0.148
Brian Hines,c8:9a:67:7e:7c:96,10.10.0.149
Jesse Peck,da:30:6f:b1:b8:fd,10.10.0.150
Isaac Hammond,ca:e3:9d:bd:fc:c6,10.10.0.151
Abigail Davidson,24:51:f9:b8:0f:16,10.10.0.152
Lori Patterson,1e:a7:83:98:1c:f1,10.10.0.153
Erin Guerrero,d4:df:4b:12:7c:de,10.10.0.154
Ronald Chapman,29:d0:a0:c3:d6:55,10.10.0.155
Michael Davis,20:5e:32:27:a3:ef,10.10.0.156
Caleb Ellis,f6:91:f0:56:1e:1d,10.10.0.157
David Thompson,81:9c:01:1d:b4:27,10.10.0.158
Benjamin Pacheco,92:b2:89:6b:04:42,10.10.0.159
Diane Wood DDS,59:c1:44:19:31:45,10.10.0.160
Sarah Briggs,a3:48:e3:03:94:df,10.10.0.161
Lance Leach,0f:37:48:9d:b0:7f,10.10.0.162
Michelle Fischer,f1:9f:46:41:e1:f6,10.10.0.163
Melvin Sexton,3b:60:d3:a1:26:1d,10.10.0.164
Kelly Valentine,56:89:fa:17:1d:04,10.10.0.165
Johnny Harris,e1:65:c9:46:9b:ab,10.10.0.166
Christina Jones,f1:53:5f:38:e2:06,10.10.0.167
Diana Johnson,1a:dd:ca:1b:35:14,10.10.0.168
Morgan Huffman,78:f4:c7:c4:89:2f,10.10.0.169
Russell Alvarez,b3:28:2a:31:b7:db,10.10.0.170
Ashley Rice,d9:1c:4a:30:c3:b8,10.10.0.171
Nancy Ayala,07:ae:43:e3:39:72,10.10.0.172
Emily Myers,f3:a0:b8:0a:06:c7,10.10.0.173
Matthew Martin,d4:a7:9f:8b:76:3e,10.10.0.174
Stephanie Taylor,64:57:93:a0:75:49,10.10.0.175
Julie Aguilar,73:4b:52:b3:b7:45,10.10.0.176
Jared Rocha,84:5c:3a:1b:63:85,10.10.0.177
Kenneth Obrien,de:11:93:3d:23:83,10.10.0.178
Lori Jackson,08:2c:fa:eb:8d:dc,10.10.0.179
Brian Green,f2:0b:be:00:63:36,10.10.0.180
Amanda George,a6:7b:0d:5e:40:44,10.10.0.181
Tracy Simmons,92:87:d4:c9:84:d8,10.10.0.182
Dr. Marvin Green,e1:bb:46:34:2f:e7,10.10.0.183
Christopher Johnson,f1:39:95:e6:cd:46,10.10.0.184
Stephen Schneider,49:ba:9a:e1:f1:84,10.10.0.185
Richard Rose,3b:55:eb:d9:f8:f6,10.10.0.186
Calvin Christensen,3c:b8:ab:cc:03:d5,10.10.0.187
Jeremy Gonzalez,ca:b2:60:a1:d2:14,10.10.0.188
Jennifer Lopez,5f:e7:f1:45:c3:53,10.10.0.189
Jessica Diaz,dc:ea:92:05:f2:4e,10.10.0.190
Elizabeth Allen,70:07:9e:ee:10:ce,10.10.0.191
Casey Harris,f0:dc:df:b3:4b:a5,10.10.0.192
Phillip Clayton,cd:14:c7:eb:93:53,10.10.0.193
Mary Simmons,91:44:65:f1:4d:6a,10.10.0.194
Rachel Stanley,ba:f1:31:11:cf:5c,10.10.0.195
Gregg Walker,bf:26:6d:05:5b:f1,10.10.0.196
Richard Brooks,64:2e:13:be:11:79,10.10.0.197
Hannah Villanueva,51:e0:33:e5:f4:62,10.10.0.198
Cynthia White,7d:15:17:a2:60:65,10.10.0.199
Chad Hale,9c:16:e7:2e:82:a2,10.10.0.200
Meagan Stanley,c6:25:3b:a3:97:2e,10.10.0.201
Douglas Preston,d3:85:a9:8d:4d:98,10.10.0.202
Courtney Park,5b:5f:5f:77:2f:24,10.10.0.203
Justin Phillips,89:49:1d:c4:8f:f2,10.10.0.204
Sherry Harding,31:d4:a8:a5:0b:ec,10.10.0.205
Kim Davis,ea:53:d6:f1:2b:78,10.10.0.206
Richard Garcia,ef:9f:a4:2b:1b:d4,10.10.0.207
Paula Cameron,6f:78:44:ad:4c:ed,10.10.0.208
Connor Wilson,22:eb:a4:2d:2f:3e,10.10.0.209
Tara Montgomery,01:85:80:5d:74:90,10.10.0.210
Jeff Long,66:4b:7a:47:c3:00,10.10.0.211
Phillip Peterson,c9:12:53:98:90:be,10.10.0.212
Jason Johnson,06:56:84:b9:31:9f,10.10.0.213
Sandra Lopez,76:29:1e:b2:69:eb,10.10.0.214
Cristian Hayes,e4:8e:d7:af:b1:b8,10.10.0.215
John Green,5d:c3:f9:7d:b7:44,10.10.0.216
Zachary Jacobs,44:fc:b9:0a:64:07,10.10.0.217
Danielle Graham,4f:5c:e3:cc:db:17,10.10.0.218
Patty White,1c:23:95:a6:1b:fb,10.10.0.219
Kenneth Christian,61:23:f6:7e:4d:c2,10.10.0.220
Michelle Rojas,da:77:60:dd:de:b1,10.10.0.221
James Carter,29:1a:82:28:a9:f6,10.10.0.222
Joshua Hays,17:a2:e5:0e:22:45,10.10.0.223
Erica Johnson,f6:f2:5a:b9:38:42,10.10.0.224
Robert Jones,0b:e5:71:eb:01:dc,10.10.0.225
Morgan Bradley,3d:7f:eb:73:50:c6,10.10.0.226
Christopher Hunt,f9:c5:d6:d5:31:c2,10.10.0.227
Jason Ortiz,ef:ed:04:36:0c:cb,10.10.0.228
Anthony Reed,1f:0b:0e:36:6c:16,10.10.0.229
Angela Jones,7b:fa:d1:c6:45:12,10.10.0.230
Lee French,b7:c9:1a:6a:aa:0c,10.10.0.231
Marissa Romero,16:1a:b9:e3:b3:c6,10.10.0.232
Daniel Soto,61:07:f3:8a:ac:ca,10.10.0.233
Thomas Lee,51:b4:32:4e:9f:ad,10.10.0.234
Kenneth Montes,81:f3:bf:fa:67:9b,10.10.0.235
Jonathan Gibbs,b6:1a:5f:59:4e:f9,10.10.0.236
John Guerra,d6:76:01:ec:02:cf,10.10.0.237
Shelby Marshall,f5:8e:60:7a:2f:3b,10.10.0.238
Rebecca Sullivan,34:05:19:02:39:19,10.10.0.239
Mark Howard,05:c3:05:21:41:c0,10.10.0.240
Mrs. Megan Horne MD,86:ae:a9:85:fe:2d,10.10.0.241
Brandy Gates,d7:a8:0b:a6:b2:56,10.10.0.242
Daniel Roberts,78:c9:d0:2f:18:18,10.10.0.243
Robert Bradley,80:6b:a5:bd:f7:0b,10.10.0.244
Pamela Ward,cc:62:1c:99:ed:39,10.10.0.245
Lisa Thomas,c6:25:7c:f8:f8:20,10.10.0.246
Brittany Johnson,67:fd:73:1d:a8:54,10.10.0.247
Christopher Olson,58:52:33:a4:96:62,10.10.0.248
Regina Gordon,58:1f:5e:dd:7d:ab,10.10.0.249
Kristin Gonzalez,36:0f:f0:11:b4:bb,10.10.0.250
Kyle Hoffman,1c:d6:f9:fd:1f:66,10.10.0.251
Steven Jackson,d3:60:28:42:eb:14,10.10.0.252
Michelle Shaw,48:d7:9a:6a:6b:3f,10.10.0.253
Dale Dorsey,83:ce:28:2b:a7:ed,10.10.0.254
Patrick Barton,92:f9:96:d1:5a:81,10.10.1.0
Cathy Becker,2c:1f:1e:57:ab:9d,10.10.1.1
Amanda Craig,a1:12:b1:c1:20:de,10.10.1.2
Miranda Reeves,1b:b8:82:9b:a1:47,10.10.1.3
Albert Welch,01:ed:53:97:92:cb,10.10.1.4
Shelley Sutton,81:94:03:46:86:92,10.10.1.5
Gregory Jackson,3e:f5:68:b1:f2:ad,10.10.1.6
Sarah Robles,c8:9a:dd:74:b5:bd,10.10.1.7
Alyssa Schmitt,0f:3f:33:be:2a:8f,10.10.1.8
Shawn Stewart,c0:c5:89:98:2a:f2,10.10.1.9
James Stout,ed:a2:e6:7a:2e:cd,10.10.1.10
Julia Austin,13:57:63:be:50:a1,10.10.1.11
Steven Mack,fa:41:c2:66:55:79,10.10.1.12
Taylor Edwards,3f:d7:6f:aa:02:04,10.10.1.13
Elizabeth Rodriguez,0f:13:2d:e9:50:ca,10.10.1.14
Connie Henderson,2c:45:90:5a:cf:23,10.10.1.15
Cheryl Jimenez,be:15:06:9f:25:97,10.10.1.16
Kyle Burns DDS,9f:01:aa:44:dc:4d,10.10.1.17
Kelly Kidd,64:d2:f5:e8:bd:77,10.10.1.18
Chad Morgan,03:2d:43:80:39:8c,10.10.1.19
Vincent Watson,63:47:a4:13:df:ff,10.10.1.20
Roberta Griffith,17:53:80:fc:be:b4,10.10.1.21
Morgan Neal,1b:58:05:5e:44:ed,10.10.1.22
Michael Hunter,33:14:fa:43:d5:d2,10.10.1.23
Jacqueline Hernandez DDS,ad:8a:1e:25:f8:5d,10.10.1.24
Bobby Myers,d6:a2:55:2b:25:90,10.10.1.25
Hannah Smith,f1:a7:13:4c:79:c4,10.10.1.26
William Boyd,ac:33:5a:a3:6e:56,10.10.1.27
Ryan Rivera,7d:8f:c4:06:9f:80,10.10.1.28
Melinda Carrillo,cd:a6:48:e6:b2:aa,10.10.1.29
Katherine Thompson,28:ca:fb:77:88:91,10.10.1.30
Anthony Reeves,e4:83:e8:5e:c6:e4,10.10.1.31
Paul Potter,fb:df:8a:05:1c:ca,10.10.1.32
Michelle Allison,e3:20:da:a2:24:e4,10.10.1.33
Lisa Kim,d7:b8:f4:61:5b:9d,10.10.1.34
Christopher Vargas,39:dd:bd:2a:06:d2,10.10.1.35
Jason Gonzalez,4d:75:c3:bd:06:5d,10.10.1.36
Denise Williams,4d:43:5d:b1:67:56,10.10.1.37
Lauren Strickland,99:91:d6:c5:e9:90,10.10.1.38
Mario Perez,d0:1f:07:9b:3b:af,10.10.1.39
Judith Hudson,16:c0:5b:cb:22:c1,10.10.1.40
Kenneth Cruz,72:51:4e:ff:c9:e4,10.10.1.41
Abigail Sullivan,91:f4:17:5d:58:b9,10.10.1.42
John Pratt,83:55:80:f6:70:44,10.10.1.43
Keith Nichols,b6:51:4b:75:83:e9,10.10.1.44
Donald Dixon,c1:f1:f3:af:14:e2,10.10.1.45
Mrs. Nicole Galloway PhD,4f:bc:51:61:7c:48,10.10.1.46
Anthony Taylor,37:bf:22:bd:a6:14,10.10.1.47
Tina Ballard,5c:15:e7:57:ef:90,10.10.1.48
Daniel Mendez,03:09:a9:37:d1:8e,10.10.1.49
Dawn Clements,7b:b9:00:53:36:11,10.10.1.50
Dennis Romero,50:b5:62:0c:de:68,10.10.1.51
Shawn Garcia,98:90:8f:ca:94:1c,10.10.1.52
Andrew Shields,97:72:41:66:7e:ad,10.10.1.53
David Morgan,1e:5b:c6:04:1f:9e,10.10.1.54
Sarah Nicholson,11:c0:29:0d:5a:b3,10.10.1.55
Stephanie Russo,fa:65:a8:a9:72:b3,10.10.1.56
Monica Haley,6a:b1:bc:c4:2e:b9,10.10.1.57
Jessica Snyder,09:20:db:70:ba:f9,10.10.1.58
Vincent Hill,91:5a:a9:60:06:6f,10.10.1.59
Kathryn Boone,34:d1:8c:07:2d:96,10.10.1.60
Matthew Harris,8f:ba:cf:0e:f3:15,10.10.1.61
David Cunningham,b4:a8:16:cb:bc:ab,10.10.1.62
Jennifer Nunez,3b:db:53:83:75:4e,10.10.1.63
Karen Smith,2a:8b:98:34:06:ff,10.10.1.64
Mr. Samuel Bell,28:18:42:92:7a:39,10.10.1.65
Timothy Vasquez,5a:96:b4:cb:24:df,10.10.1.66
Roger Silva,2b:21:fc:dd:18:0f,10.10.1.67
William Ball,3e:3d:13:90:03:93,10.10.1.68
April Davis,0d:64:3e:49:93:ac,10.10.1.69
Veronica Reed,69:76:a6:39:75:3b,10.10.1.70
Haley Wilson,dd:5b:30:b6:f8:38,10.10.1.71
Joanna Carr,2c:51:9f:c8:e0:7b,10.10.1.72
Lisa Perez,29:88:a1:af:ab:af,10.10.1.73
Anthony Martinez,09:6f:b9:e2:45:df,10.10.1.74
Richard Atkins,72:61:b3:ea:b3:07,10.10.1.75
Tamara Bowman,e7:93:b1:09:45:bf,10.10.1.76
William Smith,2d:b5:39:ea:4f:05,10.10.1.77
Rebecca Garcia,3e:22:26:0d:99:6d,10.10.1.78
Tammie Clark,da:40:0b:0f:e9:a1,10.10.1.79
Amy Lewis,52:1e:53:5c:e1:b8,10.10.1.80
Taylor Lynch,32:5d:cc:9f:7a:5d,10.10.1.81
Mr. Levi Bird,86:64:ac:dc:f4:8f,10.10.1.82
Anthony Willis,26:a5:f4:6d:d4:53,10.10.1.83
Brandon Todd,ef:14:1e:6f:43:3e,10.10.1.84
Howard Cruz,61:c5:59:15:34:25,10.10.1.85
Pamela Davis,04:d6:42:31:5a:16,10.10.1.86
Kenneth Jacobson,02:a2:99:58:6d:f3,10.10.1.87
Charles Warren,84:39:33:6d:e2:3f,10.10.1.88
Brendan Freeman,c8:c3:3c:3a:7c:01,10.10.1.89
Miss Catherine Jarvis,e4:16:78:a2:88:df,10.10.1.90
Carla Alexander,66:86:91:dd:87:a4,10.10.1.91
Christopher Choi,8e:99:c0:0b:9a:f2,10.10.1.92
Allison Ware,88:84:36:78:e7:27,10.10.1.93
Chad Travis,6b:5f:00:6e:18:91,10.10.1.94
Dale Johnson,fd:9b:76:7e:d3:0c,10.10.1.95
Stephanie Gomez,d2:69:3f:b2:bf:98,10.10.1.96
Mr. Michael Whitehead,7b:82:3a:49:d6:97,10.10.1.97
Janet Randolph,19:cd:1c:af:82:19,10.10.1.98
Richard Smith,ff:56:23:b3:36:bd,10.10.1.99
William Lewis,7a:4c:d2:ae:d6:ba,10.10.1.100
Laura Walker,39:1c:5f:6f:5f:0b,10.10.1.101
James Rodriguez,aa:fc:0b:cb:80:7b,10.10.1.102
Jorge Bryant,f2:40:8e:95:4e:f6,10.10.1.103
Jennifer Pruitt,bc:bf:b3:df:01:47,10.10.1.104
Olivia Hobbs,4c:56:9b:f5:de:24,10.10.1.105
Katie Duran,3d:3e:20:56:3f:a0,10.10.1.106
Cameron Jimenez,fe:91:a6:51:66:5a,10.10.1.107
Anthony Williams,e6:75:b8:a6:6d:9e,10.10.1.108
Mr. Robert Barnes,e1:26:9a:97:da:c5,10.10.1.109
Kristin Williams,1f:da:e7:f8:76:fd,10.10.1.110
Erin Sanchez,7e:f5:2e:08:86:b7,10.10.1.111
Wanda Leon,15:0c:44:36:23:cd,10.10.1.112
Dr. Patrick Stuart,40:9d:d0:5c:ea:6e,10.10.1.113
Kimberly Davis,ad:3b:d9:59:29:db,10.10.1.114
Danielle Schwartz,b5:47:2b:1a:04:4d,10.10.1.115
Douglas Tate,b4:bd:b1:e0:96:63,10.10.1.116
Zachary Rangel,06:e1:4c:42:8c:89,10.10.1.117
Kelly Morgan,06:46:40:e2:14:ad,10.10.1.118
Mr. Joseph Ford,f4:38:62:97:bd:5b,10.10.1.119
Marcus Willis Jr.,83:35:b0:22:e9:e7,10.10.1.120
Mary Beasley,dd:47:d3:21:e7:4d,10.10.1.121
Adriana Cook,05:18:33:5f:26:aa,10.10.1.122
Shannon Carpenter,bc:07:3a:cf:9c:94,10.10.1.123
Brittany Barry,9d:2c:d0:d9:86:29,10.10.1.124
Austin Thompson,c6:91:6f:d3:04:11,10.10.1.125
Katherine Wiggins,78:bf:5d:5e:b5:b4,10.10.1.126
Seth Massey,ca:cc:a6:3c:01:39,10.10.1.127
Harry Griffin,da:a6:fd:54:e9:88,10.10.1.128
Shelby Ortiz,75:30:26:77:db:df,10.10.1.129
Ronald Nelson,47:6a:02:db:5e:28,10.10.1.130
Jacob Mcdowell,43:48:3e:38:8f:b8,10.10.1.131
William Dominguez,11:0c:9c:07:92:44,10.10.1.132
Jocelyn Hendricks,22:19:67:97:9d:fe,10.10.1.133
Jeffrey Casey,92:1a:b5:16:83:dd,10.10.1.134
Scott Lee,ae:8c:4c:bb:c9:8e,10.10.1.135
Melvin Harris,36:8d:c8:2d:e6:5b,10.10.1.136
Hannah Martin DDS,00:69:50:b5:1d:cb,10.10.1.137
Sarah Murphy,68:47:05:d9:1f:95,10.10.1.138
Jerome Buchanan,96:0f:07:44:40:6d,10.10.1.139
Shawn Taylor,f9:ff:84:fa:dd:1b,10.10.1.140
John Johnston,4a:17:c0:33:f3:e1,10.10.1.141
Megan Lopez,15:72:29:83:cf:17,10.10.1.142
Kevin Manning Jr.,00:96:85:fa:71:88,10.10.1.143
Lindsay Duncan,f2:50:3f:cf:cd:b9,10.10.1.144
Brandon Miller,02:13:d3:c7:84:f0,10.10.1.145
Jennifer Potts,06:93:d8:1c:2c:43,10.10.1.146
Ryan Owen,77:c4:83:fd:fd:e0,10.10.1.147
Brady Morales,20:ca:23:3e:a8:1c,10.10.1.148
Nicole Li,f8:f4:02:fd:c8:ef,10.10.1.149
Brandon Smith,34:c2:f7:b9:a6:0b,10.10.1.150
Stacey Gibson,d3:3d:fb:f6:a2:d5,10.10.1.151
Randy Bradley,06:aa:ee:9c:ec:69,10.10.1.152
Michael Sweeney,8a:32:73:1b:12:10,10.10.1.153
Christopher Smith MD,01:41:43:a6:0e:a2,10.10.1.154
Kathleen Wilson,bb:f9:3f:77:a5:03,10.10.1.155
Sarah Bryant,3c:59:ba:fd:ab:14,10.10.1.156
Gail French,3d:ac:fd:55:fd:32,10.10.1.157
Dawn Gibson,6d:43:d7:1e:42:0d,10.10.1.158
Emma Brewer,6d:ac:0c:10:42:75,10.10.1.159
Timothy Brooks,56:73:fd:a8:68:b7,10.10.1.160
Megan White,3b:80:5e:e2:13:32,10.10.1.161
Jennifer Clark,62:77:3e:0c:d0:b8,10.10.1.162
Cristian Vega,86:ba:92:74:9e:09,10.10.1.163
Adam Hayes,0c:7a:24:71:4a:b1,10.10.1.164
Tiffany Jordan,57:a5:6f:20:f9:3c,10.10.1.165
Cassandra Austin,d0:ee:10:ec:87:ec,10.10.1.166
Cristian Ayala,e1:e9:fb:a6:d1:8a,10.10.1.167
Barbara Smith,8e:5b:66:4a:cb:e1,10.10.1.168
Angel Serrano,08:ec:2d:c0:3f:08,10.10.1.169
Michael Green,2e:2a:4f:0f:e2:86,10.10.1.170
Calvin Johnson,46:eb:82:a9:b7:cb,10.10.1.171
Ross Bray,81:e2:86:24:8a:f4,10.10.1.172
Ronald Lowery,ad:b9:1e:34:b7:80,10.10.1.173
Cassandra Peterson,d9:ab:67:28:54:a5,10.10.1.174
Brian Hunt,c8:c5:4c:e2:47:9c,10.10.1.175
Jasmine Young,bd:dc:d4:d2:8d:1e,10.10.1.176
Jamie Rosales,24:c3:f3:bc:1f:c3,10.10.1.177
Jason Martinez,c6:e0:69:9a:59:ab,10.10.1.178
Dr. Dawn Long,1d:5d:98:4e:9b:e6,10.10.1.179
Melissa Shields,00:43:35:0b:ad:d9,10.10.1.180
Denise Ritter,57:0b:d6:81:9d:cc,10.10.1.181
Melissa Pratt,bb:8d:01:72:59:02,10.10.1.182
Carlos Crawford MD,4a:98:39:4e:68:31,10.10.1.183
Kevin Gross,bd:2c:88:3a:70:95,10.10.1.184
Brooke Phillips,de:dd:80:db:15:8e,10.10.1.185
Jennifer Holloway,1b:6f:59:00:e7:34,10.10.1.186
Stacy Hoffman,ca:e3:78:ca:29:77,10.10.1.187
Dakota Black,0e:69:a4:a3:f7:bc,10.10.1.188
Kari Owens,fd:1f:30:27:78:3f,10.10.1.189
Kristen Martinez,f1:86:8a:19:23:9d,10.10.1.190
William Stewart,1b:e0:67:c9:ac:6d,10.10.1.191
Ashley Wong,54:4d:54:40:1e:de,10.10.1.192
Sarah Wallace,10:25:ff:81:75:a2,10.10.1.193
Donald Mccormick,4f:94:b2:60:c2:51,10.10.1.194
Alex Cooper,66:b5:fb:1a:cc:75,10.10.1.195
Jerry Bryan,67:5a:34:18:6b:50,10.10.1.196
Melissa Wilson,da:f4:72:34:73:c0,10.10.1.197
Megan Young,41:8f:0b:d5:04:b0,10.10.1.198
Jason Evans,cb:d7:fa:5f:02:83,10.10.1.199
Rebecca Smith,2d:56:40:48:b5:03,10.10.1.200
Samuel Small,60:42:23:6c:ea:16,10.10.1.201
Rodney Patton,8d:d6:a1:70:48:09,10.10.1.202
Paul Valentine,54:34:9d:4c:71:50,10.10.1.203
Sherry Hill,ff:87:b0:5a:d1:8e,10.10.1.204
Richard Johnson,e2:34:2a:2b:dd:76,10.10.1.205
John Gray,33:8b:b0:84:0c:44,10.10.1.206
Chelsey Barron MD,99:4c:ae:36:68:2a,10.10.1.207
Brian Murphy,7e:b2:45:0e:d3:0f,10.10.1.208
Gerald Roach,a1:d1:40:fc:06:6d,10.10.1.209
William Barr,ac:bf:9b:39:8b:a7,10.10.1.210
Philip Kelly,3f:43:84:65:f8:79,10.10.1.211
Joanna Walker,e0:f0:15:b6:c7:f9,10.10.1.212
Paul Mcclure,5a:c0:e0:4f:ce:65,10.10.1.213
Leslie Hinton,31:53:b2:85:d4:5c,10.10.1.214
Ashley Conway,94:71:17:91:6a:eb,10.10.1.215
Alan Ayala,e1:cf:58:c3:f2:b9,10.10.1.216
Brenda Hunt,de:f5:ae:7d:5c:f6,10.10.1.217
Shannon Jenkins,e3:d4:c5:df:8d:a7,10.10.1.218
Misty Barnes,77:83:2e:a9:98:8e,10.10.1.219
David Gaines,5a:74:b4:20:97:d2,10.10.1.220
Colleen Andrews,38:af:f7:72:7a:bf,10.10.1.221
Billy Stevens,4b:1e:dc:50:6d:11,10.10.1.222
Brian Miller PhD,b4:03:6b:fe:eb:30,10.10.1.223
Jeremy Higgins,ba:c3:40:8a:cd:eb,10.10.1.224
Marissa Wilkins,34:98:a3:84:19:e7,10.10.1.225
Rebecca Blackburn,05:77:6a:91:1d:03,10.10.1.226
Joann Ferrell,42:03:70:e3:3e:c1,10.10.1.227
Terri Rosales,b8:fd:af:14:40:51,10.10.1.228
Caitlin Gonzalez,18:d6:75:cb:77:68,10.10.1.229
Gary Douglas,ec:b1:4b:fc:60:67,10.10.1.230
Elizabeth Wilson,7a:74:cf:55:a9:39,10.10.1.231
Ian Mckinney,41:e5:3a:83:86:d3,10.10.1.232
Tara Dyer,44:98:3e:e1:ca:24,10.10.1.233
Teresa Collins,e5:54:ae:b8:38:fb,10.10.1.234
Rachael Andrews,8a:72:e3:03:5f:6f,10.10.1.235
Erica Jones,60:0b:c3:d6:38:7a,10.10.1.236
Lauren Tapia,a4:15:3a:a0:0f:af,10.10.1.237
Kelly Smith,8c:4a:06:84:ed:e6,10.10.1.238
Jennifer Conner,23:72:8c:31:aa:9c,10.10.1.239
Kevin Silva,31:f3:61:8a:1d:a2,10.10.1.240
Vincent Hopkins,72:0d:1e:c6:1e:75,10.10.1.241
Ashley Garner,6a:0e:a2:4f:dd:fe,10.10.1.242
Matthew Washington,9a:5b:85:a0:c8:10,10.10.1.243
Joshua Frazier,18:1c:5a:48:2d:af,10.10.1.244
Chelsea Hale,55:3e:e7:fa:dc:a1,10.10.1.245
Cory Lindsey,81:a7:57:2a:6b:24,10.10.1.246
Melissa Dunn,e9:aa:5a:8d:9a:a3,10.10.1.247
Juan Hernandez,78:e6:fc:58:20:e0,10.10.1.248
Mary Rogers,6d:66:d5:91:c1:5d,10.10.1.249
Tina Benjamin,89:f4:23:71:eb:cd,10.10.1.250
Melissa Villarreal,54:03:84:c4:54:a8,10.10.1.251
Jim Mckinney,3b:2b:44:d1:0f:55,10.10.1.252
Mitchell Freeman,40:63:a6:cc:e1:20,10.10.1.253
Amanda Wilkerson,c1:99:81:dc:09:b5,10.10.1.254
Brian Woods,04:26:16:7c:fe:cc,10.10.2.0
Cristina Dixon,07:8a:1f:34:9e:0a,10.10.2.1
Alison Roberts,4d:5f:2b:30:28:6d,10.10.2.2
Michael Fowler,0f:52:bd:48:2e:da,10.10.2.3
Courtney Thompson,a6:43:ac:64:5b:b3,10.10.2.4
Joe Montoya,7f:a6:e6:fc:d3:1d,10.10.2.5
Kelsey Bowers,8f:49:0a:ce:17:ad,10.10.2.6
Christopher Roberts,f4:04:2c:a5:ee:65,10.10.2.7
James Burke,6a:ed:d1:f2:2d:20,10.10.2.8
Jennifer Hodges,87:74:e2:ca:17:b5,10.10.2.9
Jessica Torres,96:e3:b7:ef:55:a3,10.10.2.10
James Rivera,e3:ce:8b:c9:69:05,10.10.2.11
Christina Castro,39:6d:d8:e3:b1:a8,10.10.2.12
Trevor Blake,17:e0:85:5a:ab:ea,10.10.2.13
William Bowen,f6:b4:fc:38:d8:93,10.10.2.14
Daisy Rodriguez,e4:10:f9:0f:c5:19,10.10.2.15
Taylor Deleon,a6:78:84:79:09:9a,10.10.2.16
Brenda Bowman,15:2c:c8:0f:22:49,10.10.2.17
James Levy,62:68:b6:59:6c:2f,10.10.2.18
Paige Brown,24:bb:18:86:59:fd,10.10.2.19
Arthur Baker,53:48:12:a9:2c:b1,10.10.2.20
John Riley,52:7b:b1:47:f4:12,10.10.2.21
Edward Miller,79:a5:59:fc:b3:db,10.10.2.22
Andrew Monroe,ff:76:bf:fd:df:e7,10.10.2.23
Carolyn Mclean,63:9a:29:11:d4:e2,10.10.2.24
Vanessa Hayes,32:6f:ac:6a:90:11,10.10.2.25
Joseph Taylor,8f:ad:a9:6b:35:2f,10.10.2.26
Tyler Alexander,06:18:f5:a9:94:d0,10.10.2.27
John Lee,c9:61:43:d1:9a:f9,10.10.2.28
William Watson,53:27:cf:4e:e4:c8,10.10.2.29
Jessica Fuentes,04:20:82:40:cc:50,10.10.2.30
Brianna Smith,e0:c9:80:89:d4:57,10.10.2.31
Tanya Carter,d2:98:1a:27:ad:7a,10.10.2.32
Mark Walker,56:a4:41:e4:6d:23,10.10.2.33
Anne Simpson,1b:fc:60:00:0f:ac,10.10.2.34
Robert Miller,fd:d7:82:51:64:9e,10.10.2.35
Kayla Watson,1e:cb:14:65:8f:c6,10.10.2.36
Megan Nguyen,e0:b2:17:d6:a8:7d,10.10.2.37
Nancy Wade MD,4d:b9:87:73:69:41,10.10.2.38
Jose Flores,b7:ca:e8:16:cd:60,10.10.2.39
Joel Sloan,4c:d9:62:f5:9f:5f,10.10.2.40
Mark Lang,4e:b1:11:ac:14:0c,10.10.2.41
Jeffrey Mullins,fd:55:cb:16:60:76,10.10.2.42
Stephen Hamilton,d1:1b:c6:90:ca:89,10.10.2.43
Linda Haynes,aa:87:19:b3:b3:a1,10.10.2.44
Amy Bell,6b:72:e8:46:0a:d8,10.10.2.45
Matthew Baker,f7:86:e5:71:f1:3e,10.10.2.46
Isaiah Glass,82:04:7b:35:4c:b6,10.10.2.47
Robert Johnson,34:36:ee:46:95:a8,10.10.2.48
Jackson Lambert,8a:9b:a9:7c:55:8e,10.10.2.49
Denise Rodriguez,63:c5:63:bc:b4:64,10.10.2.50
Emily Smith,61:03:72:29:4b:a6,10.10.2.51
Zachary Gonzalez,44:25:f5:5c:92:35,10.10.2.52
Carla Rivera,2e:b3:65:43:34:38,10.10.2.53
Kathleen Chase,16:9c:b6:98:aa:91,10.10.2.54
Angelica Blair,37:1f:a8:b6:2b:b3,10.10.2.55
Peter Haley,05:3e:80:81:ab:fe,10.10.2.56
Gina Reynolds,3c:3b:0e:dc:49:1a,10.10.2.57
Jennifer Sims,3a:a0:78:81:33:9b,10.10.2.58
Daniel Griffith,1a:2e:9e:74:66:ba,10.10.2.59
Mandy Tucker,71:2c:35:52:3a:40,10.10.2.60
Courtney Anderson,dc:67:f5:0f:be:2e,10.10.2.61
Kenneth Keller,89:a9:d6:7b:9a:73,10.10.2.62
Joseph Yu,8c:09:85:b1:c1:1a,10.10.2.63
Barbara Cox,aa:97:12:ac:bb:09,10.10.2.64
Justin Huber,eb:88:4b:fd:55:4e,10.10.2.65
Alan Marks,01:bb:eb:55:4f:91,10.10.2.66
Tamara Dixon,21:fa:29:de:d5:f0,10.10.2.67
Larry Decker,ab:2c:04:2c:57:d8,10.10.2.68
Kayla Wade,e8:5d:45:5d:fa:ab,10.10.2.69
Stephanie Duffy,b1:61:f6:1c:fb:53,10.10.2.70
Anna Ramirez,08:95:24:4d:67:e9,10.10.2.71
Nicole Gonzalez,66:d2:96:24:39:7f,10.10.2.72
Samantha Brown,8b:b9:79:f9:40:93,10.10.2.73
Kristen Pitts,7b:e9:8f:94:1b:77,10.10.2.74
Stephanie King,f3:5b:d1:4d:26:25,10.10.2.75
Francisco Garcia,55:40:5b:00:f2:80,10.10.2.76
Candace Davenport,d4:13:54:ec:75:8d,10.10.2.77
Kevin Mitchell,36:b3:01:b0:a0:34,10.10.2.78
Crystal Romero,d9:dd:ec:22:14:6e,10.10.2.79
Amy Bradford,85:ce:ae:77:44:ba,10.10.2.80
Tammy Jones,45:12:ba:d0:9c:29,10.10.2.81
Curtis Moore,d0:c3:90:a3:92:27,10.10.2.82
Ana Castillo,f0:42:f1:15:5b:dd,10.10.2.83
Andrew Hernandez,08:de:f4:70:8b:d2,10.10.2.84
Mr. Jared Smith,1c:1b:6c:6a:28:e2,10.10.2.85
Susan Torres,f7:e6:e5:22:d5:c8,10.10.2.86
Kelly Bernard,57:af:7e:88:7d:9f,10.10.2.87
Robert Harrison,ae:35:f2:fc:f0:40,10.10.2.88
Danielle Rosales,42:4f:3f:5c:08:d5,10.10.2.89
Edward Flynn,0c:a1:3f:35:d0:0e,10.10.2.90
Stephanie Woods,7f:00:c7:29:cd:c0,10.10.2.91
Matthew Summers,ea:54:42:40:ce:33,10.10.2.92
Matthew Mccormick,c7:1e:d2:03:77:b7,10.10.2.93
Monica Lopez,9e:a4:71:74:7f:7d,10.10.2.94
Natasha Lopez,d2:f8:69:ae:b3:07,10.10.2.95
Adriana Gill,f3:8a:9c:4a:c6:d0,10.10.2.96
Stephanie Hubbard,34:40:6a:42:9b:47,10.10.2.97
Kathy Ferrell,01:a0:ae:28:05:31,10.10.2.98
Scott Bautista,53:4a:3d:87:8d:d1,10.10.2.99
Jodi Dixon,1b:52:5e:09:9b:4e,10.10.2.100
Paul Edwards,64:59:7b:5c:fd:a5,10.10.2.101
Joe Donaldson,88:79:85:07:54:b1,10.10.2.102
Krista Brown,eb:7f:a1:48:7f:6c,10.10.2.103
Angela Campbell MD,00:3d:53:0b:c3:e9,10.10.2.104
Natasha Herrera,da:39:1c:28:7a:5d,10.10.2.105
Michael Thompson,0f:b6:1d:1b:39:1d,10.10.2.106
Kyle Watson II,8b:3c:86:2b:54:47,10.10.2.107
Edward Price,70:44:b5:c1:89:0e,10.10.2.108
Amanda Gonzales,c8:3e:aa:c2:2c:73,10.10.2.109
Amber Gonzales,10:97:08:12:7c:68,10.10.2.110
Robert Sims,0c:83:39:0a:11:c2,10.10.2.111
Kristin Fernandez,9a:da:77:26:17:73,10.10.2.112
Dominic Williams,b8:28:a3:ab:cd:58,10.10.2.113
Michael Mccoy MD,f8:a8:7c:ec:d1:06,10.10.2.114
Mary Mendez,25:4f:ff:27:9b:5f,10.10.2.115
Andrew Butler,60:03:cf:4f:9d:c3,10.10.2.116
Steven Adams,95:e7:43:a1:94:f1,10.10.2.117
Timothy Cohen,dd:fb:39:db:2b:7a,10.10.2.118
Steven Mckinney,48:59:df:13:9a:96,10.10.2.119
Sherri Daniels,f3:63:35:48:c7:de,10.10.2.120
Tiffany Gilbert,77:7a:34:30:4b:90,10.10.2.121
Christopher Gray,54:61:e8:a2:19:10,10.10.2.122
Brandi Morgan,45:6b:93:23:bb:97,10.10.2.123
Eugene Perez,29:cb:9b:f0:1b:eb,10.10.2.124
Joan Harris,c7:76:27:c9:6d:bd,10.10.2.125
Michelle Johnson,21:72:45:c0:85:35,10.10.2.126
Seth Lin,e1:a8:fc:f3:b6:62,10.10.2.127
Gabriel Lam,43:2e:93:25:2a:aa,10.10.2.128
Andrew English,16:57:b2:6d:72:bb,10.10.2.129
Nathaniel Ellison,19:57:de:00:83:1a,10.10.2.130
Crystal Meyer,9f:fe:d4:9b:d7:ba,10.10.2.131
Shelly Hammond,85:a1:9d:de:9f:85,10.10.2.132
Richard Austin,f3:6b:fe:9c:60:4f,10.10.2.133
Steven Sexton,30:6f:a7:9b:33:49,10.10.2.134
Steven Green,3c:68:4d:07:12:cf,10.10.2.135
Mr. Kenneth Williamson,a0:da:34:1b:20:29,10.10.2.136
Michelle Evans,9a:6b:d8:5f:1c:37,10.10.2.137
Frances Baker,10:c8:24:b3:7d:a5,10.10.2.138
Michelle Delacruz,27:1c:28:63:3f:c1,10.10.2.139
Jose Jackson,ab:5f:26:24:1e:eb,10.10.2.140
Teresa Mathis,fc:f5:aa:d3:a6:95,10.10.2.141
Mary Sellers,ad:49:80:fd:87:55,10.10.2.142
Robert Lawrence,f6:da:ec:3d:74:e5,10.10.2.143
Kevin Nguyen,a9:f6:a2:ad:8d:86,10.10.2.144
Jessica Gillespie,b9:a7:8f:9e:4c:94,10.10.2.145
Susan Kim,e9:eb:23:6f:1f:2f,10.10.2.146
David Flores,11:49:d3:c1:af:31,10.10.2.147
Dr. Michelle Young PhD,35:28:bc:35:f9:4a,10.10.2.148
James Berry,9e:5f:4d:3e:11:87,10.10.2.149
Michael Williams,8d:b7:e5:ea:5f:3d,10.10.2.150
Donald Taylor,1e:a0:2e:00:19:8f,10.10.2.151
James Johnson,a8:96:2c:86:c3:24,10.10.2.152
Tara Coleman,1e:e1:31:1d:52:ab,10.10.2.153
David Russell,72:7f:cb:14:94:88,10.10.2.154
Christina Lynch,fc:a3:f5:df:39:75,10.10.2.155
Martha Summers,df:39:18:11:6f:66,10.10.2.156
Monica Manning,ef:96:cc:02:67:af,10.10.2.157
Michelle Shepard,88:5c:5b:c0:79:1f,10.10.2.158
Mary Francis,c3:90:d6:83:a3:8f,10.10.2.159
Brittany Adams,23:3b:57:08:33:ee,10.10.2.160
Kim Dickerson,e3:a1:b6:e1:7a:aa,10.10.2.161
Danielle Walker,63:c1:cd:0d:99:c9,10.10.2.162
Nicole Whitaker,ae:7f:6b:42:d7:53,10.10.2.163
Matthew Barnes MD,17:85:3e:6e:f3:00,10.10.2.164
Mrs. Debbie Gray,1c:66:53:1e:71:f5,10.10.2.165
Ashley Schroeder,7c:0c:ec:ca:bb:6f,10.10.2.166
Lisa Petersen,11:b0:ff:17:e5:d4,10.10.2.167
Martha Glenn,34:38:76:c8:8f:57,10.10.2.168
Teresa Turner,01:5d:0c:02:79:b1,10.10.2.169
Joseph Williams,09:a9:98:0f:0b:9b,10.10.2.170
Melinda Bennett,2e:bf:d1:ca:ee:09,10.10.2.171
Jesse Smith,8c:98:73:b0:49:33,10.10.2.172
Amanda Nelson,76:e2:bc:32:d9:8b,10.10.2.173
Lori Maddox,b8:e1:cf:26:2b:08,10.10.2.174
Donna Miles,1d:7b:3e:13:c1:37,10.10.2.175
Luis Howard,02:a5:8f:e2:61:2b,10.10.2.176
Eric Barnett,84:70:a6:19:4e:f9,10.10.2.177
Douglas Reeves,79:de:63:e7:bf:82,10.10.2.178
Jeffrey Lane,70:d7:45:5b:7a:a0,10.10.2.179
Maria Morris,18:3f:95:ce:31:6f,10.10.2.180
Nicholas Blackwell,91:20:a5:fb:09:72,10.10.2.181
Whitney Anderson,5e:d1:9c:f8:4e:98,10.10.2.182
Nathan Hanson,0f:06:66:2a:84:ef,10.10.2.183
Courtney Leach,aa:47:c0:61:87:83,10.10.2.184
Joshua Wilson,d0:1d:90:2a:26:81,10.10.2.185
Jamie Austin,9b:1b:91:fd:60:c0,10.10.2.186
Robert Cruz,11:59:8a:98:2f:56,10.10.2.187
Steven Reyes,c9:19:ce:32:b3:84,10.10.2.188
Bryan Mcdonald,23:11:2f:92:bf:16,10.10.2.189
Ryan Rogers,d2:05:f3:0a:de:8a,10.10.2.190
David Hansen,1c:17:e1:9b:47:b5,10.10.2.191
Beth Hamilton,d1:b1:51:7a:fb:2b,10.10.2.192
James Green,71:43:79:64:7e:f2,10.10.2.193
Brent Weber,71:2e:c4:f4:44:f2,10.10.2.194
Mary Wolfe,2f:ba:a1:0d:e2:7d,10.10.2.195
Mrs. Jessica Johnson,e5:ae:b0:6c:c8:05,10.10.2.196
Tony Graham,cf:af:d0:6f:36:c3,10.10.2.197
Savannah Gonzalez,4b:3e:07:a8:0e:b8,10.10.2.198
Ms. Emily Hopkins,21:b3:2f:44:f3:2c,10.10.2.199
Cameron Brown,57:eb:f7:ad:de:72,10.10.2.200
Michael Marquez,ce:ca:f4:6f:bf:a5,10.10.2.201
Terri Hays,1d:89:58:6b:59:12,10.10.2.202
Michelle Stevenson,cc:a2:09:20:83:f0,10.10.2.203
Heidi Ray,19:cd:95:83:96:ac,10.10.2.204
Lori Jones,6c:62:0d:8e:32:df,10.10.2.205
Audrey Wilson,9e:e2:99:9d:3f:a5,10.10.2.206
Christine Moses,40:78:91:ea:f6:17,10.10.2.207
Steve Roberts,42:60:95:38:b3:e4,10.10.2.208
Laura Allen,d5:42:9a:73:db:c5,10.10.2.209
Tiffany Walters,be:dd:85:2f:40:7e,10.10.2.210
Bryan Gamble,84:65:52:e0:b6:34,10.10.2.211
Ashley Leach,38:ff:a8:7b:f8:3a,10.10.2.212
Julie Rodriguez,4d:02:b8:24:98:8f,10.10.2.213
Whitney Hart,6d:6c:f5:22:87:61,10.10.2.214
Barry Martinez,b7:c1:21:83:47:5c,10.10.2.215
Benjamin Hudson,44:1b:63:77:df:a8,10.10.2.216
Mr. Sergio Henson,73:79:68:cc:bf:c0,10.10.2.217
Brent Suarez,8b:72:cb:42:f4:61,10.10.2.218
Steven Bell,f2:7d:aa:c8:18:25,10.10.2.219
Stephanie Harris,2b:cd:95:00:11:64,10.10.2.220
Tiffany Mcmahon,bd:2a:70:2c:4d:82,10.10.2.221
William Reed,65:a4:41:4d:f2:a8,10.10.2.222
Tyler May,72:83:8c:17:52:fe,10.10.2.223
Michael Whitaker,f8:fd:f3:de:41:4d,10.10.2.224
Ashley Rogers,82:18:2f:64:2e:9c,10.10.2.225
Stacey Aguilar,96:be:1f:07:ee:09,10.10.2.226
Natalie Cunningham,c7:df:dd:22:04:e2,10.10.2.227
Debbie Simmons,c1:06:5a:1f:8c:5b,10.10.2.228
Rhonda Gregory,44:b3:2c:f2:ac:81,10.10.2.229
Gabrielle Cox,94:12:dc:a7:45:7b,10.10.2.230
Daniel Liu,46:1d:c9:b0:75:24,10.10.2.231
Robert Baird,12:b9:8b:4c:f9:89,10.10.2.232
Jamie Herrera,f3:7d:1d:78:e6:36,10.10.2.233
Kimberly Harper,20:73:a0:d0:71:ce,10.10.2.234
Kevin Frank,71:c3:67:5e:f1:68,10.10.2.235
Anna Rogers,32:da:f8:a5:7b:4d,10.10.2.236
Kevin Riley,a4:e1:f1:ed:5d:f7,10.10.2.237
Cristian Lopez Jr.,43:b8:e7:c1:13:19,10.10.2.238
Justin Hernandez,d2:9c:fd:5b:18:a2,10.10.2.239
Mandy Cantu,7d:d7:a6:bb:8e:7f,10.10.2.240
Jonathan Carpenter,9d:8f:b2:1b:46:5d,10.10.2.241
Johnny Mayer,25:9c:ac:36:fe:a6,10.10.2.242
Crystal Strong,90:72:6e:c4:3c:1f,10.10.2.243
Taylor Wright,89:15:08:55:13:29,10.10.2.244
Paula Carter,a6:c6:4b:77:4b:44,10.10.2.245
Charles Smith,79:ca:ac:d5:79:a5,10.10.2.246
Alicia Davis,cc:0d:f5:20:0e:bc,10.10.2.247
Amy Rice,77:9e:0c:0b:9d:19,10.10.2.248
Lisa Merritt DDS,8b:ef:1d:9d:a8:5b,10.10.2.249
Angela Summers,7f:34:e2:09:d0:11,10.10.2.250
James Simpson,87:cc:16:10:11:34,10.10.2.251
Gary Valdez,a0:7b:e4:38:68:e6,10.10.2.252
Angela Melton,56:e8:e1:05:df:c5,10.10.2.253
Sarah Hoffman,15:5b:d2:3f:db:69,10.10.2.254
Michael Lewis,0a:4b:ea:88:cf:1d,10.10.3.0
Joseph Tate,0d:f9:9a:ba:5c:72,10.10.3.1
Brandon Morrison,b9:7c:38:dd:6f:ce,10.10.3.2
Evelyn Graves,b6:cc:11:b4:35:1a,10.10.3.3
Tammy Hawkins,95:f8:7a:81:3d:ec,10.10.3.4
Emily Page,85:18:27:1a:39:2e,10.10.3.5
Cassandra Glenn,fb:b0:49:a7:11:ab,10.10.3.6
Ms. Rachel Lawrence,af:74:b8:2e:30:b3,10.10.3.7
Scott Saunders,82:fd:c7:c2:e0:ad,10.10.3.8
Jamie Robinson,63:8b:ca:02:33:95,10.10.3.9
Meghan Graham,18:7c:79:6c:b6:36,10.10.3.10
Nathan Kaufman,50:ca:7a:dc:4e:0b,10.10.3.11
Michael Smith,e0:55:a3:8b:04:e3,10.10.3.12
Ashley Le,2b:19:3d:93:ff:cf,10.10.3.13
Mary Choi,3f:25:2d:d8:cb:80,10.10.3.14
Kelly Davis,7c:5a:71:15:47:dd,10.10.3.15
Noah Waters,a6:92:41:7d:f7:8c,10.10.3.16
Ryan Bryant,44:d8:53:13:45:75,10.10.3.17
John Duke,4d:d5:71:bf:b7:5b,10.10.3.18
Claire Armstrong,8f:1f:ab:79:1d:3c,10.10.3.19
Cheryl Jennings,2c:64:fb:3a:ca:f0,10.10.3.20
Anne Murphy,87:aa:44:5d:ef:0f,10.10.3.21
Christopher Craig,c3:d5:05:92:20:f9,10.10.3.22
Jessica Whitehead,81:1b:08:d4:bb:7b,10.10.3.23
Carol Barton,a3:48:4b:75:b9:8a,10.10.3.24
Virginia Wilkins,88:66:f5:19:2e:ea,10.10.3.25
Amy Morris,d8:b8:d8:df:71:bc,10.10.3.26
Alexis Mason,46:17:15:2b:6d:7c,10.10.3.27
Joshua Martin,08:1f:45:c0:c8:0b,10.10.3.28
Jennifer Moore,49:97:b5:68:01:03,10.10.3.29
Jason Woods,8a:1c:0f:9c:62:83,10.10.3.30
Michael Underwood,5d:46:3c:cc:41:6f,10.10.3.31
Jon Perez,c6:51:78:c7:bf:72,10.10.3.32
Kendra Jackson,8c:d2:f4:dd:cc:55,10.10.3.33
Pam Perkins,56:eb:c4:9b:29:55,10.10.3.34
Dylan Holmes,df:1b:eb:fc:bc:a8,10.10.3.35
Gina Wallace,35:2a:c6:b9:c6:22,10.10.3.36
Chase Lewis,b5:4d:1f:02:52:3d,10.10.3.37
Elizabeth Gregory,c9:2a:dd:15:e5:c4,10.10.3.38
William Casey,88:7b:01:24:9e:48,10.10.3.39
Philip Ray,16:1f:cf:08:2d:28,10.10.3.40
Elizabeth Wilson,ea:81:b2:d0:e4:83,10.10.3.41
Scott Johnson,f0:04:9b:fa:67:aa,10.10.3.42
Justin Mccarthy,91:cc:b2:e8:3a:6d,10.10.3.43
James Mayo,c9:52:16:d8:6e:75,10.10.3.44
Ms. Tonya Park,d5:79:e5:b1:2d:fb,10.10.3.45
Kelsey Stewart,c1:11:62:eb:2e:5d,10.10.3.46
Leslie York,a0:bc:be:7e:ee:1e,10.10.3.47
Samantha Jackson,17:c2:54:c5:2c:11,10.10.3.48
Julie Perkins,b1:4c:ff:10:e0:33,10.10.3.49
Gary Jenkins,11:7a:f5:09:3c:5f,10.10.3.50
Patricia Greer,1e:eb:63:2e:09:ce,10.10.3.51
Nicholas Dalton,46:67:9d:e6:12:39,10.10.3.52
William Miller,f1:c1:54:4d:05:1f,10.10.3.53
Crystal Rogers,2a:3d:ae:7b:5d:3e,10.10.3.54
Jacqueline Sullivan,f8:a2:70:f0:2d:3c,10.10.3.55
Cynthia Day,02:33:ae:33:b0:79,10.10.3.56
Matthew Perez,2b:33:7a:f4:75:67,10.10.3.57
Patricia Pearson,b6:9d:80:5d:51:b0,10.10.3.58
Michael Contreras,be:a4:ba:f3:69:af,10.10.3.59
Alyssa Koch,12:38:7b:23:df:01,10.10.3.60
Daniel Dodson,22:4f:9e:e8:c7:3b,10.10.3.61
Kayla Hawkins,63:0d:96:de:0e:fc,10.10.3.62
John Davis,9b:fc:f4:72:7f:58,10.10.3.63
Jessica Miller MD,9f:09:31:3d:9f:49,10.10.3.64
Daniel Hammond,f3:cf:9d:40:7b:48,10.10.3.65
Mark Gordon,56:08:92:50:30:6b,10.10.3.66
Dillon Marshall,30:33:2b:9f:ea:7d,10.10.3.67
Lori Bowen,55:9f:d3:e8:5a:c2,10.10.3.68
Richard Padilla,8f:52:bb:50:ee:1b,10.10.3.69
Tara Wheeler,c0:7a:16:45:9e:37,10.10.3.70
Cathy Adams,55:d3:52:f7:ad:5f,10.10.3.71
Kathryn Davis,97:d7:52:30:68:b6,10.10.3.72
Dustin Howard,28:f3:40:7b:e5:6f,10.10.3.73
Keith James,00:3c:03:78:e2:48,10.10.3.74
Deborah Smith,b8:54:e4:0e:26:71,10.10.3.75
Phyllis White,5b:61:90:e2:e6:49,10.10.3.76
Cory Ali,3a:fd:a3:63:29:0e,10.10.3.77
Carl Ballard,a8:c1:62:a9:ce:95,10.10.3.78
Robin Lopez,50:74:03:89:f5:7e,10.10.3.79
Brad Morris,93:25:47:68:a6:22,10.10.3.80
Angela Eaton,01:55:d8:40:9e:64,10.10.3.81
Brent Cook,b8:ca:1f:5e:f8:cc,10.10.3.82
Randall Johnson,db:d6:02:2d:c3:71,10.10.3.83
Tracy Donovan,e4:47:73:6d:61:cc,10.10.3.84
Scott Castro,1a:e1:e2:55:3c:d5,10.10.3.85
Jose Lewis,60:09:d2:32:dc:ae,10.10.3.86
Douglas Miller,87:bd:35:45:db:58,10.10.3.87
Michele Blankenship,7d:50:a3:7d:1a:f7,10.10.3.88
Dr. Jill Taylor DVM,cc:73:26:fa:e0:7b,10.10.3.89
Brooke Miller,39:7e:60:a5:20:15,10.10.3.90
Sean Johnson,f1:52:e0:c0:f2:09,10.10.3.91
Michael Johnson,6b:69:81:25:ce:6f,10.10.3.92
Victoria Lane,bb:95:ce:b1:ff:25,10.10.3.93
Mrs. Chelsea Hudson,c7:de:0c:d4:f0:3e,10.10.3.94
Laura Mcmillan,93:e9:a7:52:a5:ed,10.10.3.95
Timothy Singh,02:e1:eb:91:ea:85,10.10.3.96
James Chandler,b0:3c:e4:18:cc:7d,10.10.3.97
Mary Byrd,71:1f:95:8a:ef:66,10.10.3.98
Adam Dennis,1d:9e:b9:48:c1:45,10.10.3.99
Patricia Brown,09:de:d4:80:76:e3,10.10.3.100
Robin Ramirez,2f:53:48:66:57:e7,10.10.3.101
Jennifer Woods,bd:fc:66:1a:30:64,10.10.3.102
Veronica Frederick,3a:85:b9:54:dd:72,10.10.3.103
Lisa Brown,d8:1a:a6:0b:81:84,10.10.3.104
Kelli Frazier,0a:49:a4:9d:1e:8c,10.10.3.105
Samantha Lewis,86:b3:cd:a1:5c:6e,10.10.3.106
Elaine Harris,df:d3:e1:20:5d:12,10.10.3.107
Angela Hall,e3:10:cf:8e:f2:5f,10.10.3.108
Jasmine Martin,19:70:3c:b7:19:43,10.10.3.109
Danny Henderson,f9:29:82:b0:76:9b,10.10.3.110
Karen Gibson,56:97:c4:fe:0d:55,10.10.3.111
Thomas Stanley,a8:41:52:9f:f7:8e,10.10.3.112
Ryan Hall,62:ff:a9:5b:47:f6,10.10.3.113
Jonathan Wilson,8d:69:c4:ee:a3:0e,10.10.3.114
Trevor Mosley,1b:f8:71:0b:35:d0,10.10.3.115
Johnathan Williams,70:b1:00:30:06:d9,10.10.3.116
James Andrade,fa:6a:ef:68:0d:be,10.10.3.117
Kelsey Cummings,43:e5:17:cd:8c:cc,10.10.3.118
Alexander Cobb,dc:0e:40:28:f5:43,10.10.3.119
Kaitlyn Johnson,63:16:76:74:54:e1,10.10.3.120
Tony Smith,70:32:ea:f5:5f:e2,10.10.3.121
Gary Reed,02:94:da:54:19:aa,10.10.3.122
Ashley Woods,b3:7d:67:7e:f3:26,10.10.3.123
Tiffany Goodwin,42:18:b5:c5:83:1a,10.10.3.124
Christopher Singh,0e:81:57:3d:ec:96,10.10.3.125
Anne Vaughn,44:ad:6f:63:05:b1,10.10.3.126
Monique Hoffman,1a:b9:dc:f9:2b:7d,10.10.3.127
Jennifer Shelton,4b:3d:99:fe:c3:55,10.10.3.128
Jennifer May,45:7e:05:7d:b9:04,10.10.3.129
Kenneth Wolf,73:e9:fb:12:5d:78,10.10.3.130
Debra David,6b:81:b0:bb:01:a1,10.10.3.131
Ashlee Weaver,cd:a3:89:32:47:05,10.10.3.132
Casey Walker,ab:e6:43:35:e1:3b,10.10.3.133
Carol Goodwin,db:4c:ae:62:50:7f,10.10.3.134
Stacy Brown,fe:4b:75:83:bd:53,10.10.3.135
Alicia Todd,8e:63:db:0d:f9:9c,10.10.3.136
Ashley White,25:5e:ea:b9:39:a1,10.10.3.137
James Davis,ad:84:b9:6b:25:37,10.10.3.138
Cathy Lynch,b0:ff:f2:af:94:ce,10.10.3.139
William Collins,56:5f:25:8c:1e:11,10.10.3.140
Jennifer Barrett,21:36:35:44:8b:78,10.10.3.141
Lauren Steele,d5:cd:b1:8d:f9:1b,10.10.3.142
Andrew Hardin,5e:d5:9e:0d:68:55,10.10.3.143
William Carter,e9:fc:94:ce:bc:28,10.10.3.144
Tami Burns,05:35:05:28:b1:ee,10.10.3.145
Laurie White,cc:09:d7:bc:1a:85,10.10.3.146
Jeffrey Ramirez,7b:56:de:ca:0c:fd,10.10.3.147
Tyler Price,de:aa:b9:06:06:8f,10.10.3.148
Allison Hanson,4d:18:2a:e2:ba:81,10.10.3.149
Stephanie Johnson,6b:59:a5:c1:ba:d3,10.10.3.150
Randy Smith,20:8d:45:1d:01:d2,10.10.3.151
Steven Phillips,13:33:48:a2:96:72,10.10.3.152
Jeffrey Burns,dc:9d:c4:4d:d5:5a,10.10.3.153
Adam Mcdaniel,42:84:9a:43:51:45,10.10.3.154
Christine Bass,5b:17:e4:f2:c4:6a,10.10.3.155
Benjamin Watson,2b:7b:16:ae:5f:e0,10.10.3.156
Yvonne Robles,b4:28:c3:28:d0:4a,10.10.3.157
Alyssa Ford,4c:04:09:64:0b:b2,10.10.3.158
Diane Warner,0e:0b:4c:01:28:00,10.10.3.159
Caitlin Richards,e4:6e:4d:ed:51:e7,10.10.3.160
Daniel Glass,f5:87:b8:b2:b3:25,10.10.3.161
Jasmine Williams,62:21:03:a4:02:b9,10.10.3.162
Sydney Harding,b0:18:5b:f2:cf:67,10.10.3.163
Eric Morrison,db:82:3f:7b:56:e8,10.10.3.164
Megan Reyes,40:e7:da:03:47:49,10.10.3.165
Calvin Wright,a8:3d:ba:01:63:28,10.10.3.166
Christopher Santana,51:d1:b1:c0:e2:df,10.10.3.167
Holly Pitts,97:e8:61:44:96:35,10.10.3.168
Nancy Powers,c1:59:9d:0b:0d:cc,10.10.3.169
Karen Kelley,7d:3b:e2:cc:51:4b,10.10.3.170
Caroline Reynolds,67:f0:d3:1b:6c:75,10.10.3.171
Jacqueline Howard,73:90:8f:3d:69:78,10.10.3.172
Johnny Miranda,f2:1e:0a:51:18:d7,10.10.3.173
Donna Pierce,e7:5b:30:05:7b:00,10.10.3.174
Tracey Ball,0a:2f:fe:14:96:cd,10.10.3.175
Kendra Martin,c5:2e:55:0d:e2:b8,10.10.3.176
Jessica Golden,12:4a:e8:ee:5f:b3,10.10.3.177
Paul Preston,71:5e:fc:e6:6a:57,10.10.3.178
George Rogers,17:69:b9:b0:bd:c4,10.10.3.179
Jennifer Porter,d7:fa:c9:3e:58:47,10.10.3.180
Dawn Mcgee,2b:a4:29:49:89:80,10.10.3.181
William Jones,ce:b9:60:4b:81:cb,10.10.3.182
Janice Foster,fc:da:71:ce:5d:62,10.10.3.183
Dawn Parker,37:f5:53:57:87:04,10.10.3.184
Melanie Rivera,73:36:06:dc:7c:a8,10.10.3.185
Shannon Fischer,01:8f:e5:97:15:ee,10.10.3.186
James Guzman,59:f6:db:fa:8b:b8,10.10.3.187
Jean Kaufman,eb:de:7b:8b:56:3c,10.10.3.188
James Rodriguez,1e:a0:a8:6d:f9:b5,10.10.3.189
Brian Garcia,26:e9:c3:0b:12:01,10.10.3.190
Steven Barnes,97:81:ee:a9:ec:9d,10.10.3.191
Cindy Lynch,3d:df:56:2e:9e:70,10.10.3.192
John Adams,43:bb:5b:b3:38:d9,10.10.3.193
Gary Bryant,22:2f:37:57:3c:0a,10.10.3.194
James Spencer,6d:46:35:d7:d7:b5,10.10.3.195
Melissa Gay,dc:bf:65:0e:19:5e,10.10.3.196
Shane Phillips,d9:a2:f6:38:6f:3a,10.10.3.197
Dorothy Chandler,2c:de:44:ea:10:6d,10.10.3.198
Sara Schneider,a8:39:a9:94:8b:d0,10.10.3.199
Denise Leach,83:21:43:99:bc:43,10.10.3.200
Larry Harris,f6:6d:c7:55:88:71,10.10.3.201
Maria Pennington,fc:c2:58:12:bb:0b,10.10.3.202
Tammy Page,a7:c1:18:1a:4c:da,10.10.3.203
Betty Bauer,31:75:11:e2:14:97,10.10.3.204
Omar Hunter,6b:d8:48:a3:02:f2,10.10.3.205
Holly Russo,2c:45:c9:41:cf:85,10.10.3.206
Seth Ryan,93:32:9d:11:e7:c5,10.10.3.207
Nichole Miller,2f:ea:e3:8e:f9:56,10.10.3.208
James Gates,39:9c:5b:b2:6b:82,10.10.3.209
Shannon Wood,a4:6b:57:f2:4b:ac,10.10.3.210
Dr. Sara Vargas,24:29:fc:1d:a7:5c,10.10.3.211
Jason Oneill,c3:4f:31:01:6d:29,10.10.3.212
Samuel Schmidt,4f:91:21:43:3c:ba,10.10.3.213
Marcus Murray,7e:5a:f2:75:78:12,10.10.3.214
Lauren Moody,c4:8e:10:27:13:6c,10.10.3.215
Melissa Lowe,db:11:86:18:33:d9,10.10.3.216
Bill Quinn,4b:32:6c:5e:a8:be,10.10.3.217
Cody Huerta,44:6e:4a:9f:7a:68,10.10.3.218
Mitchell Vaughn,af:ec:67:63:20:c4,10.10.3.219
Laura Contreras,30:71:c3:d5:98:ae,10.10.3.220
Jessica Matthews,25:04:ed:13:a7:a0,10.10.3.221
Rebecca Torres,dd:7d:ff:f4:6b:1c,10.10.3.222
Martha Miller,27:3d:4e:44:2b:1b,10.10.3.223
James Carson,98:98:76:f3:0b:07,10.10.3.224
Bradley Taylor,e4:ad:2e:c6:cb:01,10.10.3.225
Angel Rivera,04:c7:9f:91:de:03,10.10.3.226
Brandon Ellis,b5:d8:63:3b:8c:31,10.10.3.227
Brandon Barton,62:e0:b7:87:38:e5,10.10.3.228
David Ewing,33:b9:1d:6c:06:ff,10.10.3.229
George Ferguson,55:56:ec:be:8c:db,10.10.3.230
Amy Jackson,3d:a4:92:e7:05:71,10.10.3.231
Caleb Rice,bb:da:96:02:93:ef,10.10.3.232
Tammy Weiss,3b:75:f7:45:e5:d5,10.10.3.233
John Conway,5a:05:1a:0e:28:9e,10.10.3.234
Lisa Harrison,14:2d:00:03:ed:cb,10.10.3.235
